{"cameraMode":{"drawMode":0,"name":"Shaded","section":"Shading Mode"},"sceneLighting":true,"audioPlay":false,"sceneViewState":{"showFog":true,"showMaterialUpdate":false,"showSkybox":true,"showFlares":true,"showImageEffects":true,"showParticleSystems":true},"in2DMode":false,"pivot":{"x":630.513916015625,"y":244.86898803710938,"z":0.0},"rotation":{"x":0.28127241134643557,"y":0.034532733261585239,"z":-0.010128709487617016,"w":0.9589529633522034},"size":57.099369049072269,"orthographic":true}